식품코드,식품코드명
1026,"밀, 빵가루"
1052,"과자, 건빵"
1054,"빵, 곰보빵"
1055,"빵, 도넛, 링"
1058,"빵, 도넛, 팥"
1059,"빵, 롤빵, 소프트"
1061,"빵, 마늘빵"
1062,"과자, 만주, 밤"
1063,"빵, 머핀, 우유"
1065,"과자, 모나카"
1066,"빵, 모닝빵"
1069,"과자, 비스킷, 소프트"
1071,"과자, 사과파이"
1076,"샌드위치, 햄, 치즈"
1077,"과자, 전병"
1078,"과자, 전병, 김"
1081,"과자, 스낵, 새우"
1082,"과자, 스낵, 옥수수"
1084,"빵, 식빵"
1085,"빵, 식빵, 우유"
1086,"빵, 식빵, 옥수수"
1087,"빵, 모카빵"
1089,"과자, 약과"
1091,"빵, 옥수수빵"
1092,"빵, 와플"
1093,"빵, 와플, 커스터드 크림"
1094,"빵, 와플, 잼"
1095,"과자, 바닐라 웨하스"
1096,"빵, 잼빵"
1098,"과자, 초코볼"
1099,"과자, 초코파이"
1100,"빵, 카스텔라"
1104,"케이크, 롤 케이크"
1105,"케이크, 생크림 블루베리"
1108,"케이크, 스폰지 케이크"
1110,"케이크, 초콜릿 케이크"
1111,"케이크, 치즈 케이크"
1113,"케이크, 파운드 케이크"
1114,"케이크, 과일(후르츠)"
1115,"과자, 쿠키, 땅콩버터"
1116,"과자, 쿠키, 초코칩"
1117,"과자, 쿠키, 버터"
1118,"과자, 크랙커"
1119,"과자, 크래커, 땅콩샌드"
1120,"과자, 크래커, 치즈샌드"
1121,"빵, 크루아상"
1124,"빵, 크로켓"
1125,"빵, 크림빵"
1126,"빵, 팥빵"
1127,"빵, 페이스트리, 과일"
1128,"빵, 페이스트리, 치즈"
1129,"케이크, 팬케이크"
1131,"푸딩, 커스터드"
1133,"빵, 피칸파이"
1138,"빵, 찐빵, 팥"
1139,"빵, 찐빵, 채소"
1156,"수수떡, 수수경단"
1158,"시리얼, 옥수수"
1159,"시리얼, 쌀"
1160,"시리얼, 옥수수, 아몬드"
1161,"시리얼, 옥수수, 코코아"
1163,"시리얼, 현미"
1211,"멥쌀떡, 가래떡"
1212,"멥쌀떡, 개피떡(바람떡)"
1213,"멥쌀떡, 개피떡(바람떡), 쑥"
1214,"멥쌀떡, 꿀떡"
1215,"멥쌀떡, 백설기"
1217,"멥쌀떡, 송편, 검정콩"
1218,"멥쌀떡, 송편, 깨"
1219,"멥쌀떡, 송편, 팥"
1220,"멥쌀떡, 시루떡, 팥"
1221,"멥쌀떡, 절편"
1222,"멥쌀떡, 증편"
1228,"멥쌀, 현미, 발아현미, 생것"
1230,"멥쌀, 백미, 가루"
1231,"멥쌀 과자, 쌀엿강정, 팽화"
1232,"멥쌀 과자, 튀밥, 팽화"
1233,멥쌀 과자
1234,"찹쌀 과자, 전병"
1239,"찹쌀떡, 경단 카스텔라"
1240,"찹쌀떡, 약식"
1241,"찹쌀떡, 인절미, 콩고물"
1242,"찹쌀떡, 인절미, 팥고물"
1243,"찹쌀떡, 찰시루떡"
1244,찹쌀떡
1247,"찹쌀 과자, 산자"
1248,"찹쌀 과자, 유과"
1259,"옥수수, 가루"
1261,"옥수수, 통조림, 가당"
1263,"옥수수, 통조림, 홀커넬"
1276,호밀빵
1278,"옥수수 과자, 팝콘, 캐러멜맛"
1280,"빵, 베이글"
1284,"미숫가루, 혼합곡물"
1302,"빵, 꽈배기"
1303,"찹쌀빵, 찹쌀도넛"
1304,"빵, 크림빵, 버터"
1305,"빵, 바게트"
1306,"빵, 페이스트리"
1307,"빵, 크로켓, 채소"
1316,"멥쌀떡, 모싯잎송편, 동부"
1318,"멥쌀떡, 무지개떡"
1319,"찹쌀떡, 모듬찰떡"
1323,"멥쌀떡, 백설기, 검정콩"
1332,"과자, 쿠키, 통밀"
1333,"과자, 크래커, 채소"
1334,"과자, 뻥튀기, 원반 모양, 팽화"
1335,"과자, 마카로니"
1340,"빵, 붕어빵, 팥"
1341,"빵, 소시지빵"
1342,"빵, 난"
1346,"시리얼, 옥수수, 그래놀라, 코코넛"
1347,"시리얼, 옥수수, 그래놀라, 건조과일"
1353,"옥수수 과자, 강냉이"
1354,"옥수수 과자, 팝콘, 전자레인지 조리"
2009,감자 샐러드
2011,"감자 과자, 감자칩, 튀긴것"
2012,"감자 튀김, 튀긴것"
2013,"감자 튀김, 해시브라운, 튀긴것"
3004,꿀
3006,"꿀, 밤"
3008,"꿀, 아카시아"
3009,"꿀, 잡화"
3010,"꿀, 토종"
3011,로얄제리
3014,물엿
3017,"사탕, 드롭스"
3018,"사탕, 마쉬멜로"
3019,"사탕, 박하사탕"
3020,"사탕, 버터"
3024,"설탕, 백설탕"
3025,"설탕, 황설탕"
3026,"설탕, 흑설탕"
3027,"설탕, 각설탕"
3029,"설탕, 가루"
3030,"시럽, 단풍나무"
3032,"시럽, 초콜릿"
3036,"양갱, 팥"
3037,"엿, 고구마"
3040,"젤리, 구미"
3041,"초콜릿, 다크 초콜릿"
3042,"초콜릿, 땅콩 초콜릿"
3043,"초콜릿, 밀크 초콜릿"
3044,"초콜릿, 크런치 초콜릿"
3045,"초콜릿, 밀크 아몬드 초콜릿"
3047,"초콜릿, 화이트 초콜릿"
3048,"초콜릿, 스위트 초콜릿"
3051,"캐러멜, 우유"
3063,"껌, 무설탕"
3066,"사탕, 땅콩"
3067,"초코바, 땅콩 캐러멜"
3068,"초코바, 쿠키 캐러멜"
6381,토마토 음료
6382,"토마토, 통조림"
6383,"토마토, 통조림, 페이스트"
6384,"토마토, 통조림, 퓨레"
6385,"토마토, 방울토마토, 생것"
6386,"토마토, 흑토마토, 생것"
6518,당근 주스
6643,호박즙
6646,채소 주스
6647,"채소 주스, 녹즙"
8013,"귤 주스, 천연과즙"
8016,"귤, 통조림"
8020,"구아바 주스, 과즙 음료(10%)"
8026,"자몽(그레이프프루트) 주스, 가당, 캔"
8038,"딸기, 잼"
8040,"라임 주스, 천연과즙"
8043,레몬 과즙
8050,매실청
8051,"매실 절임, 염절임, 고형물"
8082,"복숭아, 잼"
8084,"복숭아, 황도, 통조림"
8086,"블루베리, 잼"
8096,사과 주스
8097,사과 음료
8100,"사과, 잼"
8107,"살구, 잼"
8122,오렌지 주스
8126,오렌지 마멀레이드
8142,"크랜베리 주스, 칵테일"
8148,"파인애플 주스, 캔"
8150,"파인애플, 통조림, 고형물"
8153,"백향과(패션프루트) 주스, 황색과육"
8161,포도 주스
8163,포도즙
8170,"프루트칵테일, 통조림"
8199,오미자청
8210,유자청
8226,"배 음료, 캔"
8229,"복숭아, 황도, 통조림, 고형물"
8244,"체리, 통조림, 고형물"
8249,키위 주스
8250,"파인애플, 통조림, 액즙"
13015,"우유, 가공우유, 딸기맛"
13016,"우유, 가공우유, 바나나맛"
13017,"우유, 가공우유, 초코맛"
13018,"우유, 가공우유, 커피맛"
13020,셔벗
13021,아이스밀크
13022,"아이스크림, 유지방 12%"
13023,"아이스크림, 유지방 8%"
13024,"아이스크림, 딸기맛"
13025,"아이스크림, 바닐라맛"
13026,"아이스크림, 초콜릿맛"
13027,"아이스크림, 소프트 아이스크림, 바닐라맛"
13028,"요구르트, 액상"
13029,"요구르트, 호상, 딸기맛"
13030,"요구르트, 호상, 플레인"
13046,"요구르트, 액상(농후), 딸기맛"
13049,"요구르트, 액상(농후), 식이섬유 첨가"
13050,"요구르트, 액상(농후), 사과맛, 식이섬유 첨가"
13052,"요구르트, 액상(농후), 플레인, 식이섬유 첨가"
13053,"요구르트, 호상, 망고맛"
15002,레모네이드
15005,매실 음료
15008,"셰이크, 딸기맛"
15009,"셰이크, 바닐라맛"
15010,"셰이크, 초콜릿맛"
15011,"식혜, 캔"
15012,"이온 음료, 레몬향"
15014,"탄산 음료, 레몬소다"
15015,"탄산 음료, 오렌지소다"
15017,"탄산 음료, 파인애플소다"
15018,"탄산 음료, 포도소다"
15019,"탄산 음료, 사이다"
15020,"탄산 음료, 소다수"
15022,"탄산 음료, 콜라"
15023,"탄산 음료, 저칼로리콜라"
15025,토닉워터
15029,"막걸리, 알코올 6%"
15030,매실주
15031,"맥주, 알코올 4.5%"
15034,"맥주, 흑맥주, 알코올 4.2%"
15035,"보드카, 알코올 40%"
15038,"샴페인, 알코올 6%"
15039,"소주, 알코올 25%"
15042,"위스키, 알코올 40%"
15046,"청주, 알코올 16%"
15047,"칵테일, 다이키리"
15048,"칵테일, 테킬라썬라이즈"
15059,"포도주, 백포도주, 알코올 12%"
15060,"포도주, 적포도주, 알코올 12%"
15084,"커피, 커피가루, 인스턴트"
15085,"커피, 커피가루, 디카페인"
15087,"커피, 아메리카노(2샷)"
15088,"커피, 캔"
15089,"코코아, 밀크코코아, 가루"
15121,쌀 음료
15122,"커피, 커피가루, 설탕, 크림, 인스턴트"
15125,알로에 음료
15126,망고 음료
15137,"홍차, 복숭아, 캔"
15141,"혼합 음료, 비타민C 함유"
15144,"탄산 음료, 요구르트소다"
15145,"고량주, 알코올 50%"
15146,"복분자주, 알코올 15%"
15147,"소주, 알코올 17.8%"
15149,"포도주, 적포도주, 알코올 13%"
15152,"녹차라떼, 가루"
15153,"커피, 커피가루, 설탕, 인스턴트"
15155,생강청
15156,"코코아, 가루"
15157,홍삼 음료
15158,"홍차, 복숭아, 가루"
20002,"시리얼,아몬드푸레이크(농심켈로그)"
20007,"시리얼,콘푸레이크(농심켈로그)"
20008,"시리얼,콘푸로스트(농심켈로그)"
20010,"시리얼,하니첵스(농심켈로그)"
20011,"시리얼,현미푸레이크(농심켈로그)"
20012,"시리얼,후르트링(농심켈로그)"
20015,"시리얼,포스트아몬드후레이크(동서식품㈜)"
20016,"시리얼,포스트코코볼(동서식품㈜)"
20019,"시리얼,포스트현미후레이크(동서식품㈜)"
23032,"요구르트(액상),불가리스(사과)(남양유업)"
23037,"아이스밀크,더블비안코(롯데제과)"
23040,"아이스크림,월드콘(롯데제과)"
23042,"아이스크림,조안나(롯데제과)"
23060,"요구르트(액상),비피더스요구르트(딸기)(매일유업)"
23061,"요구르트(액상),비피더스요구르트(사과)(매일유업)"
23088,"우유,바나나맛우유(빙그레)"
23094,"요구르트(호상),요플레(딸기)(빙그레)"
23105,"요구르트(액상),메치니코프(사과)(한국야쿠르트)"
23109,"요구르트(호상),슈퍼100(딸기)(한국야쿠르트)"
23110,"요구르트(호상),슈퍼100(복숭아)(한국야쿠르트)"
23161,"요구르트(액상),쾌변요구르트(사과)(파스퇴르유업)"
23168,"우유,딸기우유(서울우유)"
23174,"우유,쵸코멸균우유(서울우유)"
23175,"우유,쵸코우유(서울우유)"
23177,"우유,커피우유(서울우유)"
26001,"과자,고래밥-매콤(오리온)"
26002,"과자,고래밥-볶음양념(오리온)"
26005,"과자,다이제(오리온)"
26006,"과자,다이제(초코)(오리온)"
26009,"젤리,마이구미(포도)(오리온)"
26012,"과자,미쯔블랙(오리온)"
26016,"과자,베베(오리온)"
26020,"젤리,왕꿈틀이(오리온)"
26025,"과자,초코송이(오리온)"
26027,"과자,초코칩쿠키(오리온)"
26028,"밀,밀가공식품,빵/과자류,초코파이(오리온)"
26029,"과자,촉촉한초코칩(오리온)"
26030,"카라멜,땅콩(오리온)"
26035,"초콜릿,투유-마일드(오리온)"
26039,"카스테라,후레시베리(오리온)"
26040,"초콜릿,가나(롯데제과)"
26042,"과자,꼬깔콘(고소)(롯데제과)"
26043,"아이스밀크,누크바(롯데제과)"
26044,"과자,마가렛트(롯데제과)"
26045,"사탕,목캔디(롯데제과)"
26046,"밀,밀가공식품,빵/과자류,초코파이,몽쉘통통(롯데)"
26048,"과자,빠다코코낫(롯데제과)"
26049,"과자,빼빼로(롯데제과)"
26053,"껌,자일리톨껌(롯데제과)"
26055,"사탕,스카치세가지맛(롯데제과)"
26056,"빙과,스크류바(롯데제과)"
26058,"과자,아몬드빼빼로(롯데제과)"
26059,"초콜릿,아몬드초콜릿(롯데제과)"
26061,"과자,애플쨈(롯데제과)"
26062,"과자,엄마손파이(롯데제과)"
26067,"과자,제크(롯데제과)"
26073,"밀,밀가공식품,빵/과자류,초코파이(롯데)"
26074,"과자,칙촉(롯데제과)"
26075,"카스테라,카스타드(롯데)"
26077,"초콜릿,크런키(롯데제과)"
26080,"과자,하비스트(롯데제과)"
26086,"과자,뻥이요(서울식품공업)"
26114,"과자,땅콩강정(오리온프리토레이)"
26121,"과자,오징어땅콩(오리온프리토레이)"
26122,"과자,치토스-매콤(오리온프리토레이)"
26123,"과자,치토스-바비큐(오리온프리토레이)"
26125,"과자,포카칩-소금맛(오리온프리토레이)"
26126,"과자,포카칩-양파맛(오리온프리토레이)"
26128,"과자,바나나킥(농심)"
26131,"과자,오징어집(농심)"
26132,"과자,올리고고구마깡(농심)"
26133,"과자,칼슘양파링(농심)"
26134,"과자,콘드로이친감자깡(농심)"
26135,"과자,키토산자갈치(농심)"
26137,"과자,꽃게랑(빙그레)"
26140,"과자,야채타임(빙그레)"
26150,"과자,맛동산(해태제과)"
26152,"과자,샤브레(해태제과)"
26157,"과자,에이스(해태제과)"
26158,"밀,밀가공식품,빵/과자류,초코파이,오예스(해태)"
26161,"사탕,자두캔디(해태제과)"
26166,"과자,홈런볼(쵸코)(해태제과)"
27007,"커피음료,프렌치카페카푸치노(남양유업)"
27013,"커피믹스,맥스웰커피믹스(동서식품)"
27014,"커피믹스,맥스웰하우스커피믹스(동서식품)"
27016,"커피,분말,맥심(동서식품)"
27017,"커피믹스,맥심디카페인커피믹스(동서식품)"
27018,"커피믹스,맥심모카골드커피믹스(동서식품)"
27019,"커피믹스,맥심커피믹스(동서식품)"
27067,"커피,분말,네스카페클래식(한국네슬레)"
27070,"코코아,네스퀵쵸콜릿맛(한국네슬레)"
27071,"홍차음료,분말,네스티(한국네슬레)"
27073,"커피,분말,테이스터스쵸이스(한국네슬레)"
27075,"커피믹스,테이스터스쵸이스커피믹스(한국네슬레)"
27079,"과일탄산음료,쿨피스(복숭아맛)(해태유업)"
27095,"오렌지,주스,아침에주스오렌지(서울우유)"
28010,"아몬드,칼몬드(우성식품)"
29012,"꿀,아카시아꿀(동서식품)"
50006,"과자,고소미(오리온)"
50009,"과자,국희땅콩샌드(크라운제과)"
50011,"과자,그레이스(크라운제과)"
50015,"빵,꿀호떡(샤니)"
50025,"과자,닭다리(농심)"
50029,"과자,땅콩크래커(해태제과)"
50061,"과자,라면땅"
50062,"과자,롯데샌드오리지날(롯데제과)"
50064,"과자,롤리폴리(해태제과)"
50075,"밀,밀가공식품,밀가루,백설밀가루(CJ)"
50085,"과자,버터링(해태제과)"
50086,"과자,버터와플(크라운제과)"
50092,"밀,밀가공식품,빵/과자류,초코파이,빅파이(크라운제과)"
50093,"과자,빈츠(롯데제과)"
50096,"과자,뽀또(크라운제과)"
50097,"과자,뿌셔뿌셔(오뚜기)"
50098,"과자,사또밥(삼양식품)"
50110,"빵,소보로빵(파리바게뜨)"
50117,"과자,쌀로별(기린)"
50118,"과자,쌀새우깡(농심)"
50119,"과자,씨리얼(롯데제과)"
50120,"과자,아이비(해태제과)"
50121,"과자,알새우칩(농심)"
50122,"과자,야채크래커V6(롯데제과)"
50125,"과자,예감(농심)"
50128,"과자,오감자(오리온)"
50130,"밀,밀가공식품,빵/과자류,초코파이,오뜨(오리온)"
50133,"과자,오징어땅콩볼(롯데제과)"
50134,"옥수수통조림,옥수수콘,스위트콘(대상)"
50145,"과자,죠리퐁(크라운제과)"
50148,"과자,짱구(삼양식품)"
50151,"과자,쫄병스낵(농심)"
50153,"밀,밀가공식품,빵/과자류,초코파이,찰떡파이(롯데제과)"
50156,"과자,참깨스틱"
50157,"과자,참크래커(크라운제과)"
50165,"과자,초코하임(크라운제과)"
50167,"과자,치즈샌드(크라운제과)"
50170,"과자,칸쵸(롯데제과)"
50175,"과자,콘칩(크라운제과)"
50191,"과자,포스틱(농심)"
50199,"빵,호두과자"
50201,"과자,후렌치파이,사과(해태제과)"
50210,"감자스낵,칩포테토(농심)"
50211,"감자스낵,프링글스오리지널(P&G)"
50213,"사탕,고려홍삼제리"
50220,"물엿/시럽,백설물엿(CJ)"
50236,"사탕,청포도맛사탕(롯데제과)"
50237,"사탕,츄파춥스"
50243,"설탕,백설탕(큐원)(삼양사)"
50244,"설탕,백설탕(CJ)"
50248,"설탕,황설탕(큐원)(삼양사)"
50251,"설탕,황설탕(CJ)"
50253,"젤리,양갱,연양갱(해태제과)"
50256,"물엿/시럽,백설올리고당(CJ)"
50257,"물엿/시럽,청정원올리고당(대상)"
50261,"초코바,스니커즈(Mars Foods)"
50266,"초콜릿,페레로로쉐(페레로로쉐)"
50267,"초콜릿,ABC초콜릿(롯데제과)"
50268,"카라멜,마이쮸(크라운제과)"
50270,"카라멜,새콤달콤(크라운제과)"
50316,"망고,주스,델몬트망고주스(롯데칠성음료)"
50317,"오렌지,주스,델몬트오렌지주스(롯데칠성음료)"
50318,"오렌지,주스,델몬트콜드오렌지주스(롯데칠성음료)"
50320,"포도,주스,델몬트포도주스(롯데칠성음료)"
50321,"딸기,잼,복음자리딸기잼(복음자리)"
50322,"딸기,잼,오뚜기딸기잼(오뚜기)"
50327,"오렌지,주스,미닛메이드오리지널오렌지100(한국코카콜라보틀링)"
50329,"석류,주스,석류원액"
50344,"과일음료/과즙음료,오렌지에이드"
50354,"귤,과일주스,제주감귤(롯데칠성음료)"
50507,"아이스밀크,거북이(롯데삼강)"
50509,"아이스크림,구구콘(롯데삼강)"
50512,"아이스크림,나뚜루(롯데)"
50513,"아이스크림,누가바(해태제과)"
50514,"빙과,더위사냥(빙그레)"
50515,"샤베트,돼지바(롯데삼강)"
50519,"빙과/샤베트,델몬트망고(롯데삼강)"
50520,"아이스밀크,메가톤바(롯데제과)"
50521,"아이스밀크,메로나(빙그레)"
50523,"빙과,바밤바(해태제과)"
50526,"아이스크림,부라보콘(해태제과)"
50527,"아이스밀크,붕어싸만코(빙그레)"
50533,"샤베트,비비빅(빙그레)"
50534,"샤베트,빠삐코(롯데삼강)"
50535,"아이스밀크,빵또아(빙그레)"
50536,"아이스밀크,빵빠레(롯데삼강)"
50537,"샤베트,뽕따(빙그레)"
50543,"아이스밀크,쌍쌍바(해태제과)"
50545,"아이스크림,엑설런트(빙그레)"
50546,"아이스밀크,엔초(빙그레)"
50548,"아이스밀크,옥동자(롯데제과)"
50549,"아이스밀크,와일드바디(롯데제과)"
50551,"샤베트,요맘때(빙그레)"
50555,"빙과,죠스바(롯데제과)"
50556,"아이스밀크,찰떡아이스(롯데제과)"
50557,"아이스크림,체리마루(해태제과)"
50562,"샤베트,캔디바(빙그레)"
50563,"아이스밀크,쿠앤크(빙그레)"
50564,"빙과,탱크보이(해태제과)"
50565,"아이스크림,투게더(빙그레)"
50566,"빙과,파워캡(빙그레)"
50568,"빙과,폴라포,포도맛(해태제과)"
50569,"아이스크림,호두마루(해태제과)"
50604,"요구르트(호상),비요뜨(서울우유)"
50608,"요구르트(호상),짜요짜요(서울우유)"
50629,"우유,고구마우유"
50744,"기능성음료,꿀물(캔)"
50765,"음료류,탄산음료,과일탄산음료,데미소다(동아오츠카)"
50771,"사이다,마운틴듀(롯데칠성음료)"
50783,"맥주,버드와이저(OB맥주)"
50784,"맥주,카스맥주(OB맥주)"
50785,"맥주,카프리(OB맥주)"
50787,"맥주,하이트맥주(하이트맥주㈜)"
50790,"탄산음료,맥콜(일화)"
50794,"코코아,미떼핫초코(동서식품)"
50796,"기능성음료,미에로화이바"
50797,"탄산음료,밀키스(롯데칠성음료)"
50799,백세주(국순당)
50803,"홍차음료,복숭아홍차(담터)"
50804,"식혜,비락식혜(비락)"
50805,"기능성음료,비타500"
50807,"기능성음료,비타민음료"
50810,"소주,레몬소주"
50816,"소주,시원소주(대선주조)"
50818,"소주,잎새주(보해양조)"
50819,"소주,참소주(금복주)"
50820,"소주,참이슬(진로)"
50821,"소주,하이트소주(하이트주조)"
50822,"소주,한라산(한라산)"
50824,"과일음료/과즙음료,솔의눈(롯데칠성음료)"
50825,수정과
50827,"사이다,스프라이트(한국코카콜라보틀링)"
50836,아침햇살(웅진식품)
50843,"탄산음료,암바사(한국코카콜라보틀링)"
50845,"과일탄산음료,오란씨(동아오츠카)"
50848,"과일탄산음료,웰치스(농심)"
50852,"기능성음료,이온음료,2%부족할때(롯데칠성음료)"
50854,"기능성음료,이온음료,게토레이(롯데칠성음료)"
50856,"기능성음료,이온음료,파워에이드(한국코카콜라보틀링)"
50857,"기능성음료,이온음료,포카리스웨트(동아오츠카)"
50858,인삼주
50861,"코코아,제티(동서식품)"
50864,"사이다,천연사이다(일화)"
50865,"과일음료/과즙음료,초록매실(웅진식품)"
50867,"사이다,칠성사이다(롯데칠성음료)"
50869,"과일음료/과즙음료,카프리썬(농심)"
50871,"커피음료,레쓰비"
50875,"커피음료,마일드카페라테(매일유업)"
50876,"커피,분말,맥심모카골드(동서식품)"
50884,"콜라,코카콜라(한국코카콜라보틀링)"
50885,"과일음료/과즙음료,코코팜(해태음료)"
50889,"과일탄산음료,쿨피스(자두맛)"
50891,"사이다,킨사이다(한국코카콜라보틀링)"
50893,"콜라,펩시콜라(롯데칠성음료)"
50896,"과일음료/과즙음료,피크닉,애플(매일유업)"
50900,"우유,허쉬초콜렛드링크(매일유업)"
50906,"과일탄산음료,환타(한국코카콜라보틀링)"
51068,"과자,계란과자(해태제과)"
51070,"파이,고구마파이"
51078,"빵,보름달(샤니)"
51085,"찹쌀미숫가루,선식,생식,황성주생식(erom)"
51131,"파인애플,델몬트파인애플통조림(롯데칠성음료)"
51132,"딸기,잼,대상딸기잼(대상)"
51162,"아이스크림,체리쥬빌레(베스킨라빈스31)"
51167,"샤베트,와(롯데제과)"
51180,"샤베트,팥빙수(롯데삼강)"
51204,"기능성음료,컨피던스(동아오츠카)"
51236,"빵,꿀호떡(기린)"
51237,"빵,델리만쥬"
51242,"빵,식빵,밤식빵"
51248,"과자,소라깡"
51255,"과자,오사쯔(해태제과)"
51257,"빵,식빵,우유식빵(파리바게뜨)"
51268,"초코바,미니트윅스(MrFoodKorea)"
51285,"석류,주스,석류음료"
51314,"빙과/샤베트,빙빙바(롯데제과)"
52100,"고카페인음료,에너지드링크"
61139,"과자,로투스씽글팩(한국로투스㈜)"
61143,"과자,스낵과자,누드빼빼로(롯데제과)"
61168,"카스테라,카스테라(파리바게뜨)"
61173,"사탕,아이셔(오리온)"
61179,"토마토,주스,하루야채(한국야쿠르트)"
61195,"빙과,아맛나(롯데삼강)"
61197,"아이스밀크,서주아이스주(서주)"
61223,"맥주,스타우트(하이트맥주㈜)"
61224,"맥주,하이네켄(하이네켄)"
61238,"간장,청정원소불고기양념(대상)"
81029,"과자,구워만든곡물그대로21((주)개미식품)"
81031,"과자,꼬깔콘 군옥수수맛(롯데)"
81033,"과자,꿀꽈배기(농심)"
81039,"과자,도도한나초(오리온)"
81040,"과자,도리토스 나쵸치즈맛(롯데제과)"
81048,"과자,매운새우깡(농심)"
81054,"과자,뿌셔뿌셔 불고기맛(오뚜기)"
81055,"과자,뿌셔뿌셔 양념치킨맛(오뚜기)"
81056,"과자,새우깡(농심)"
81059,"과자,스윙칩 오리지날(오리온프리토레이)"
81062,"과자,썬칩 오리지널(오리온)"
81063,"과자,썬칩 핫스파이시(오리온)"
81065,"과자,양파깡(농심)"
81068,"과자,옥수수브이콘(진한제과)"
81071,"과자,왕고래밥(오리온)"
81074,"과자,인디안밥(농심)"
81078,"과자,초코과자미쯔(오리온)"
81079,"과자,초코비(토하토)"
81081,"과자,치킨팝 닭강정맛(오리온)"
81082,"과자,카라멜콘메이플(크라운제과)"
81084,"과자,콘초코(크라운제과)"
81086,"과자,콘치(크라운제과)"
81087,"과자,콘칩(오리온)"
81088,"과자,콩과자(경화당제과)"
81245,"미숫가루,이롬황성주 생식플러스((주)이롬)"
81289,"빵,부쉬맨브레드(아웃백스테이크하우스)"
81295,"샌드과자,롯데샌드 깜뜨(롯데)"
81301,"샌드과자,크라운산도 딸기맛(크라운제과)"
81302,"샌드과자,키드오(필리핀 Modne Nissin Corp.)"
81326,"시리얼,켈로그 스페셜K(농심)"
81328,"시리얼,켈로그 오곡으로만든첵스초코(농심켈로그)"
81329,"시리얼,켈로그 첵스초코유에프오(농심)"
81330,"시리얼,켈로그 초코첵스(농심)"
81335,"시리얼,켈로그 후르트링(농심)"
81336,"시리얼,퀘이커오츠(The Quaker Oats Com)"
81341,"시리얼,포스트 그래놀라(동서식품)"
81342,"시리얼,포스트 그래놀라블루베리(동서식품)"
81343,"시리얼,포스트 그래놀라크랜베리아몬드(동서식품)"
81351,"시리얼,포스트 오곡코코볼(동서식품)"
81353,"시리얼,포스트 오레오오즈(동서식품)"
81354,"시리얼,포스트 콘푸라이트(동서식품)"
81355,"시리얼,포스트 콘푸라이트1/3슈거라이트(동서식품)"
81356,"시리얼,포스트 콘푸로스트(동서식품)"
81384,"쌀과자,미왕 쌀과자(우리씨앤디(주))"
81390,"쌀과자,참쌀선과(크라운제과)"
81393,"쌀과자,크라운 참쌀설병(크라운)"
81428,"웨하스,네스킥 초코웨하스(네슬레)"
81429,"웨하스,로아커(Loacker) Minis 바닐라맛(로아커)"
81433,"웨하스,쿠크다스 화이트(크라운제과)"
81434,"웨하스,쿠크다스커피슬림(크라운제과)"
81436,"웨하스,키커(크라운제과)"
81437,"웨하스,화이트하임(크라운제과)"
81473,"죽,양반 야채죽(동원F&B)"
81487,"초코파이,몽쉘 카카오케이크(롯데제과)"
81511,"쿠키,딸기쿠키(롯데)"
81516,"쿠키,미니참깨스틱(청우)"
81517,"쿠키,빼빼로 화이트쿠키(롯데제과)"
81525,"쿠키,오레오 초콜렛샌드위치화이트쿠키(미가방유한회사)"
81526,"쿠키,오레오 초콜릿샌드위치쿠키(미가방유한회사)"
81527,"쿠키,옹골진 오곡쿠키(크라운제과)"
81531,"쿠키,초코픽(해태)"
81534,"쿠키,포키 오리지날(해태)"
81535,"쿠키,포키 초코(해태)"
81539,"크래커,하비스트 고소한맛(롯데제과)"
81556,"팥빵,쫀득쫀득참붕어빵(오리온)"
81558,"호빵,삼립호빵 옛날단팥(삼립)"
81559,"호빵,피자호빵(삼립)"
82003,"감자칩,구운감자(해태제과)"
82004,"감자칩,눈을감자(오리온)"
82007,"감자칩,알감자칩(농심)"
82008,"감자칩,예감치즈그라탕(오리온)"
82010,"감자칩,포테이토칩 오리지널(농심)"
82011,"감자칩,프링글스 양파맛(한국프링글스)"
82013,"감자칩,허니버터칩(해태)"
83015,"과일잼,아웃백 망고스프레드(오뚜기)"
83049,"껌,왓따껌 콜라(롯데)"
83091,"물엿,백설 건강한쌀올리고당(씨제이푸드㈜)"
83092,"물엿,백설 건강한요리올리고당(씨제이푸드㈜)"
83166,"사탕,마요라코피코커피맛(MAYORA INDAH TBK)"
83181,"사탕,애니타임 레몬민트(롯데제과)"
83195,"사탕,츄파춥스 오렌지맛(농심)"
83206,"사탕,호올스 아이스블루(캐드베리)"
83208,"사탕,호올스 후레쉬 라임(Cadbury AdamsLtd)"
83209,"사탕,호올스(동서식품)"
83221,"설탕,마스코바도((주)에이피넷)"
83223,"설탕,백설 브라운자일로스설탕(씨제이푸드㈜)"
83259,"시리얼바,닥터유 에너지바(오리온)"
83287,"젤리,웰치스 후르츠스넥(웰치스)"
83289,"젤리,젤리스트로우(키즈웰(대만 TSANG LIN INDUSTRIES CORP))"
83291,"젤리,트롤리구미캔디사우어글로우웜즈(부강무역)"
83292,"젤리,하리보 골드베렌 (Haribo Gmbh & Co.KG)"
83297,"초코바,가나초코바아몬드(롯데)"
83300,"초코바,자유시간미니(해태제과(주))"
83303,"초코바,트윅스(Mr Food Korea)"
83305,"초코스프레드,뉴텔라 페레로(페레로(매일유업))"
83312,"초콜렛,드림카카오72%(롯데)"
83313,"초콜렛,롯데 56%드림카카오(롯데제과주식회사)"
83326,"초콜렛,엠앤엠(m&m)(중국 Mars Foods)"
83330,"우유,초코에몽(남양유업)"
83339,"초콜렛,킨더초콜렛(수입원:매일유업)"
83340,"초콜렛,킨더초콜렛맥시(매일유업)"
83341,"초콜렛,킷캣(KITKAT)(네슬레)"
83345,"초콜렛,토블론 밀크(스위스 KRAFT)"
83351,"초콜렛,허쉬너겟밀크초콜렛(허쉬코리아)"
83357,"초콜렛,허쉬키세스 크리미아몬드(허쉬코리아)"
83360,"카라멜,땅콩카라멜(크라운제과)"
83363,"카라멜,마이쮸 딸기맛(크라운제과)"
83364,"카라멜,마이쮸 사과맛(크라운제과)"
83365,"카라멜,마이쮸 포도맛(크라운제과)"
83366,"카라멜,멘토스(퍼페티반멜레)"
83373,"카라멜,유가(청우식품)"
84001,"나또,살아있는실의힘생나또(신선나또(주))"
86015,"채소음료,미닛메이드 토마토주스(코카콜라음료(주))"
86031,"채소음료,하루야채 레드(한국야쿠르트)"
86032,"채소음료,하루야채 키즈뽀로로(한국야쿠르트)"
88013,"과일음료,델몬트 포도100(롯데칠성음료㈜)"
88014,"과일음료,델몬트 프리미엄 사과주스(롯데칠성음료㈜)"
88030,"과일음료,사과농장(가야농장)"
88044,"과일음료,아침에주스 100%사과(서울)"
88082,"바나나가공,골든사나 바나나칩(필리핀)"
93010,"아이스밀크,거북알(롯데삼강)"
93012,"빙과,더블더블(서주)"
93022,"빙과,젤루조아 제주감귤(해태제과)"
93025,"빙과,주물러 콜라(롯데)"
93033,"아이스밀크,설레임 밀크(롯데제과)"
93035,"아이스밀크,설레임 아라비카커피쉐이크(롯데제과)"
93039,"샤베트,까페오레(빙그레)"
93040,"아이스밀크,녹차마루(해태제과)"
93045,"아이스크림,셀렉션 딸기맛(롯데제과)"
93046,"빙과,수박바(롯데삼강)"
93053,"빙과,와삭바(롯데삼강)"
93061,"아이스밀크,초코퍼지(롯데삼강)"
93070,"아이스크림,구구크러스터(롯데삼강)"
93079,"아이스밀크,명가찰옥수수(롯데제과)"
93080,"아이스크림,민트초코(베스킨라빈스31)"
93082,"아이스밀크,바밤바아이스샌드(해태)"
93084,"샤베트,부라보콘 피스타치오(해태제과)"
93086,"아이스밀크,빵빠레 초코(롯데삼강)"
93089,"아이스크림,아몬드봉봉(베스킨라빈스31)"
93095,"아이스크림,요맘때콘 플레인(빙그레)"
93102,"아이스밀크,쿠키오(롯데삼강)"
93106,"아이스크림,티코 밀크초코(롯데)"
93111,"아이스크림,하겐다즈 바닐라(하겐다즈)"
93112,"아이스크림,하겐다즈 초코맛(하겐다즈)"
93136,"요구르트,다논 마시는액티비아 사과맛(풀무원다논㈜)"
93142,"요구르트,다논 액티비아 사과(다논)"
93149,"요구르트,덴마크 드링킹요구르트 딸기(동원데어리푸드)"
93159,"요구르트,불가리스 복숭아(남양유업)"
93162,"요구르트,비피더스 블루베리(푸르밀)"
93164,"요구르트,비피더스 포도맛(푸르밀)"
93167,"요구르트,비피더스명장 사과(㈜동원데어리푸드)"
93225,"우유,네스퀵초코우유(한국네슬레)"
93242,"우유,딸기맛우유(빙그레)"
93266,"우유,바나나는원래하얗다(매일유업)"
93267,"우유,바나나맛우유 저지방(빙그레(주))"
93295,"우유,상하목장 유기농바나나우유(매일유업)"
93478,"코코아,제티 딸기맛(동서식품)"
93492,"호상요구르트,떠먹는불가리스 딸기맛(남양유업)"
93494,"호상요구르트,떠먹는불가리스 복숭아(남양)"
93499,"호상요구르트,매일 바이오 딸기(매일유업)"
93500,"호상요구르트,매일 바이오 복숭아(매일유업)"
93506,"호상요구르트,비요뜨 초코링(서울우유)"
93516,"호상요구르트,아이러브요거트 딸기(다논)"
93526,"호상요구르트,요플레 닥터캡슐사과(빙그레)"
93529,"호상요구르트,요플레 블루베리(빙그레)"
93533,"호상요구르트,요플레 오리지널 복숭아(빙그레)"
93534,"호상요구르트,요플레 클래식 플레인(빙그레)"
93552,"호상요구르트,짜요짜요 딸기맛(서울우유)"
93553,"호상요구르트,짜요짜요 포도맛(서울우유)"
95008,"가당음료,귀여운내친구뽀로로 딸기맛((주)팔도)"
95009,"가당음료,귀여운내친구뽀로로 밀크맛(한국야쿠르트)"
95015,"가당음료,뽀로로스포츠(팔도)"
95017,"가당음료,썬키스트 레몬에이드(해태)"
95027,"가당음료,파워오투 아이스베리((주)농심)"
95029,"가당음료,파워오투 오렌지레몬((주)농심)"
95033,"가당음료분말,립톤아이스티믹스 레몬맛(유니레버)"
95034,"가당음료분말,립톤아이스티믹스 복숭아맛(유니레버코리아)"
95040,"가당음료분말,크리스탈라이트(크리스탈라이트)"
95047,"건강음료,광동 진홍삼골드(광동제약)"
95052,"건강음료,원비디(일양약품)"
95058,"건강음료,컨디션헛개수(씨제이푸드㈜)"
95068,"과일음료,가야 알로에농장(가야농장)"
95069,"과일음료,갈아만든배(해태)"
95073,"과일음료,과일촌 아침에사과(해태음료)"
95080,"과일음료,델몬트 오렌지드링크(롯데칠성음료㈜)"
95083,"과일음료,델몬트 포도드링크(롯데칠성음료㈜)"
95092,"과일음료,미닛메이드 망고플러스(코카콜라음료(주))"
95094,"과일음료,미닛메이드 제주감귤(코카콜라음료(주))"
95097,"과일음료,블루하와이(썬키스트)"
95110,"과일음료,유기농테일러푸룬주스((주)테일러팜스)"
95117,"과일음료,코코몽 사과맛(웅진식품)"
95122,"과일음료,포도봉봉(해태음료)"
95137,"기능성음료,광동 쌍화탕(광동제약)"
95162,"탄산음료,나랑드(동아오츠카)"
95241,"카페인음료,레드불(동서음료)"
95242,"카페인음료,박카스디액(동아제약)"
95246,"카페인음료,핫식스(롯데칠성음료)"
95247,"커피믹스,3in1 TRUNG NGUYEN(TRUNG NGUYEN SINGAPORE PTE LTD)"
95251,"커피믹스,네스까페 수프리모 부드러운블랙(한국네슬레)"
95252,"커피믹스,네스까페 수프리모 커피믹스(네스카페)"
95262,"커피믹스,맥심 부드러운블랙믹스모카골드(동서식품)"
95264,"커피믹스,맥심 부드러운블랙오리지날(동서식품)"
95265,"커피믹스,맥심 아라비카100커피믹스(동서식품)"
95266,"커피믹스,맥심 아이스커피믹스 블랙(동서식품)"
95267,"커피믹스,맥심 아이스커피믹스(동서식품)"
95273,"커피믹스,맥심 화이트골드 커피믹스(동서식품)"
95277,"커피분말,수프리모 인테소아메리카노(한국네슬레)"
95279,"커피믹스,애터미 카페 아라비카(애터미(주))"
95287,"커피믹스,칸타타 스위트아메리카노(롯데칠성음료)"
95295,"커피믹스,프렌치카페 골드라벨(남양유업)"
95298,"커피믹스,프렌치카페 카페믹스아라비카골드라벨(남양유업)"
95300,"커피믹스,프렌치카페 카페믹스클래식(남양유업)"
95301,"커피믹스,프렌치카페 커피믹스 부드러운블랙(남양)"
95304,"커피분말,G7 coffee(베트남산)"
95309,"커피분말,네스카페 마일드모카(한국네슬레)"
95313,"커피분말,맥심 디카페인(동서식품)"
95314,"커피분말,맥심 아라비카100(동서식품)"
95315,"커피분말,맥심 카누 콜롬비아블랜드 다크로스트 아메리카노(동서식품)"
95316,"커피분말,맥심 카누 콜롬비아블랜드 마일드로스트 아메리카노(동서식품)"
95318,"커피분말,애터미 카페 아라비카블랙(애터미(주))"
95319,"커피분말,카페 이과수(브라질 이과수사(에이스코리아))"
95323,"커피분말,테이스터스초이스 오리지날(한국네슬레)"
95324,"커피분말,프렌치카페 루카 다크 아메리카노(남양)"
95335,"커피음료,맥스웰하우스 오리지널(동서식품)"
95337,"커피음료,맥심 티오피 더블랙(동서식품)"
95338,"커피음료,맥심 티오피 마스터라떼(동서)"
95340,"커피음료,맥심 티오피 스위트아메리카노(동서식품)"
95345,"커피음료,바리스타 에스프레소라떼(매일유업)"
95351,"커피음료,산타페 오리지날(팔도)"
95353,"커피음료,스타벅스 더블샷에스프레소&크림(스타벅스)"
95354,"커피음료,스타벅스 프라프치노모카(동서식품)"
95360,"커피음료,조지아 까페라떼(한국코카콜라보틀링)"
95362,"커피음료,조지아 맥스(한국코카콜라보틀링)"
95363,"커피음료,조지아 스위트아메리카노(코카콜라㈜)"
95367,"커피음료,조지아 오리지널(한국코카콜라보틀링)"
95374,"커피음료,칸타타 오리지날원두커피(롯데칠성음료)"
95376,"커피음료,칸타타 프리미엄라떼(롯데칠성음료)"
95378,"커피음료,프렌치카페 카라멜마끼아또(남양유업)"
95385,"코코아,스위스미스 핫코코아믹스 마시멜로(미국 CONAGRA Food inc)"
95392,"콜라,코카콜라 제로(한국코카콜라주식회사)"
95395,"콜라,펩시제로콜라(롯데칠성음료)"
95411,"탄산음료,환타 파인애플맛(한국코카콜라주식회사)"
95412,"탄산음료,환타 포도맛(한국코카콜라주식회사)"
95419,"과일주,매화수(진로)"
95426,"막걸리,국순당 쌀막걸리(국순당)"
95437,"막걸리,부산생막걸리(부산합동양조)"
95438,"막걸리,불로생막걸리(대구탁주합동)"
95443,"막걸리,생탁(부산합동양조)"
95444,"막걸리,서울막걸리(서울탁주)"
95446,"막걸리,서울장수막걸리(서울탁주)"
95447,"막걸리,소성주막걸리(인천탁주)"
95458,"막걸리,장수생막거리(서울장수주식회사)"
95469,"맥주,OB맥주(OB맥주)"
95470,"맥주,기네스(기네스맥주)"
95476,"맥주,삿뽀로 프리미엄 맥주(Sappro viefram Ltd)"
95477,"맥주,아사히맥주(아사히(주))"
95486,"맥주,클라우드맥주(롯데주류(주))"
95489,"맥주,하이트제로(하이트맥주)"
95490,"맥주,호가든(OB맥주)"
95495,"소주,선양소주(㈜선양)"
95497,"소주,시원소주(충북소주)"
95500,"소주,좋은데이(㈜무학소주)"
95502,"소주,진로소주(하이트진로)"
95503,"소주,참이슬 후레쉬(하이트진로)"
95504,"소주,처음처럼 (롯데주류BG)"
95517,"청주,경주법주(경주법주)"
95519,"청주,청하(롯데주류BG)"
